src/app/context/FormContext.tsx,1,import,react
src/app/context/FormContext.tsx,2,import,../../shared-types/form
src/app/context/FormContext.tsx,3,import,./formReducer
src/app/context/formReducer.ts,1,import,../../shared-types/form
src/app/context/formReducer.ts,2,import,@utils/objects
src/app/context/__test__/formReducer.test.ts,1,import,../formReducer
src/app/context/__test__/formReducer.test.ts,3,import,@test-utils/index
src/app/context/__test__/formReducer.test.ts,4,import,@domain/constants/datakeys
src/app/context/ThemeContext.tsx,2,import,react
src/app/context/ThemeContext.tsx,3,import,@react-native-async-storage/async-storage
src/app/context/ThemeContext.tsx,4,import,@services/logger
src/app/context/WizardContext.tsx,1,import,react
src/app/hooks/__tests__/useAppOrchestration.test.tsx,1,import,@test-utils/index
src/app/hooks/__tests__/useAppOrchestration.test.tsx,2,import,../useAppOrchestration
src/app/hooks/__tests__/useAppOrchestration.test.tsx,3,import,@test-utils/index
src/app/hooks/useAppOrchestration.ts,2,import,react
src/app/hooks/useAppOrchestration.ts,3,import,../context/FormContext
src/app/hooks/useAppOrchestration.ts,4,import,@services/storage
src/App.tsx,1,import,react
src/App.tsx,2,import,react-native
src/App.tsx,3,import,./app/hooks/useAppOrchestration
src/containers/AdultsCounter.tsx,1,import,react
src/containers/AdultsCounter.tsx,2,import,../ui/components/fields/InputCounter
src/containers/AdultsCounter.tsx,3,import,../app/context/FormContext
src/domain/constants/labels.ts,2,import,./registry
src/domain/constants/registry.ts,2,import,./datakeys
src/domain/__tests__/household.test.ts,1,import,../household
src/domain/__tests__/household.test.ts,2,import,@logic/householdLogic
src/logic/export.ts,1,import,@state/schemas/FormStateSchema
src/logic/householdLogic.ts,1,import,../domain/household
src/logic/__tests__/export.test.ts,1,import,../../services/transactionService
src/logic/__tests__/finance.test.ts,2,import,../finance
src/navigation/Navigator.tsx,1,import,react
src/navigation/Navigator.tsx,2,import,../shared-types/form
src/navigation/Navigator.tsx,3,import,src/ui/screens/Wizard/LandingScreen
src/navigation/Navigator.tsx,4,import,../ui/screens/Wizard/WizardController
src/navigation/Navigator.tsx,5,import,../ui/navigation/MainNavigator
src/selectors/financialSelectors.ts,1,import,../logic/finance
src/selectors/financialSelectors.ts,2,import,../utils/numbers
src/selectors/financialSelectors.ts,3,import,@shared-types/form
src/selectors/financialSelectors.ts,4,import,../services/logger
src/selectors/householdSelectors.ts,1,import,reselect
src/selectors/householdSelectors.ts,2,import,../shared-types/form
src/selectors/householdSelectors.ts,3,import,../logic/householdLogic
src/selectors/__tests__/financialFlow.test.ts,1,import,../financialSelectors
src/selectors/__tests__/financialFlow.test.ts,2,import,@test-utils/index
src/selectors/__tests__/householdSelectors.test.ts,1,import,../../selectors/householdSelectors
src/selectors/__tests__/householdSelectors.test.ts,2,import,@domain/constants/datakeys
src/selectors/__tests__/householdSelectors.test.ts,3,import,@test-utils/index
src/services/csvService.ts,1,import,@utils/csvHelper
src/services/csvService.ts,2,import,@utils/numbers
src/services/dataOrchestrator.ts,10,import,@domain/types
src/services/dataOrchestrator.ts,14,import,@services/privacyHelpers
src/services/dataOrchestrator.ts,1,import,@domain/constants/datakeys
src/services/dataOrchestrator.ts,2,import,./csvService
src/services/dataOrchestrator.ts,3,import,./dataProcessor
src/services/dataProcessor.ts,1,import,@utils/numbers
src/services/householdAlign.ts,1,import,../domain/household
src/services/migrationService.ts,2,import,@domain/constants/datakeys
src/services/migrationService.ts,3,import,@utils/numbers
src/services/migrationService.ts,4,import,@shared-types/form
src/services/migrationService.ts,5,import,@domain/household
src/services/migrationService.ts,6,import,@test-utils/index
src/services/privacyHelpers.ts,2,import,@domain/types
src/services/storageShim.ts,2,import,@react-native-async-storage/async-storage
src/services/storageShim.ts,3,import,@services/storage
src/services/storageShim.ts,4,import,@state/schemas/FormStateSchema
src/services/storage.ts,1,import,@domain/constants/datakeys
src/services/storage.ts,2,import,@utils/numbers
src/services/storage.ts,3,import,@shared-types/form
src/services/storage.ts,4,import,@domain/household
src/services/__tests__/csvService.integration.test.ts,1,import,@services/dataOrchestrator
src/services/__tests__/csvService.integration.test.ts,2,import,@test-utils/index
src/services/__tests__/csvService.integration.test.ts,3,import,@domain/constants/datakeys
src/services/__tests__/csvService.test.tsx,1,import,@utils/numbers
src/services/__tests__/dataOrchestrator.test.tsx,1,import,../dataOrchestrator
src/services/__tests__/dataOrchestrator.test.tsx,2,import,@domain/constants/datakeys
src/services/__tests__/dataOrchestrator.test.tsx,3,import,@test-utils/index
src/services/__tests__/migration.fixture.test.ts,2,import,../transactionService
src/services/__tests__/migration.members.test.ts,1,import,../privacyHelpers
src/services/__tests__/migration.members.test.ts,2,import,../transactionService
src/services/__tests__/migration.members.test.ts,3,import,../../test-utils/factories/memberFactory
src/services/__tests__/storage.migration.test.ts,1,import,../transactionService
src/services/__tests__/storage.migration.test.ts,2,import,@test-utils/index
src/services/__tests__/storage.migration.test.ts,3,import,@shared-types/form
src/services/__tests__/storageShim.test.ts,22,import,../storageShim
src/services/__tests__/storageShim.test.ts,3,import,@test-utils/index
src/services/transactionService.ts,1,import,../domain/household
src/services/transactionService.ts,3,import,./privacyHelpers
src/shared-types/fields.ts,2,import,./wizard
src/shared-types/form.ts,5,import,./wizard
src/shared-types/form.ts,6,import,./fields
src/shared-types/form.ts,7,import,./types
src/shared-types/wizard.ts,1,import,./types
src/shared-types/wizard.ts,2,import,./fields
src/shared-types/wizard.ts,3,import,@domain/household
src/state/schemas/FormStateSchema.ts,1,import,zod
src/state/schemas/__tests__/schemas.test.ts,2,import,../FormStateSchema
src/__tests__/App.projector.test.tsx,1,import,react
src/__tests__/App.projector.test.tsx,3,import,@test-utils/index
src/__tests__/App.projector.test.tsx,4,import,../App
src/__tests__/App.projector.test.tsx,5,import,@test-utils/index
src/__tests__/WAI009_FocusManagement.test.tsx,11,import,react
src/__tests__/WAI009_FocusManagement.test.tsx,13,import,@testing-library/react-native
src/__tests__/WAI009_FocusManagement.test.tsx,14,import,../ui/screens/Wizard/LandingScreen
src/__tests__/WAI009_FocusManagement.test.tsx,15,import,../test-utils/render/providers
src/test-utils/factories/memberFactory.ts,3,import,@domain/household
src/test-utils/factories/stateFactory.ts,1,import,@domain/constants/datakeys
src/test-utils/factories/stateFactory.ts,2,import,@shared-types/form
src/test-utils/factories/stateFactory.ts,3,import,@utils/objects
src/test-utils/index.ts,2,import,./factories/stateFactory
src/test-utils/index.ts,3,import,./factories/memberFactory
src/test-utils/index.ts,4,import,./render/providers
src/test-utils/index.ts,5,import,./render/renderers
src/test-utils/index.ts,6,import,./assertions/migrationAssertions
src/test-utils/index.ts,7,import,./perf/measure
src/test-utils/index.ts,8,import,./utils/name
src/test-utils/index.ts,9,import,./factories/csvFactory
src/test-utils/jest.setup.tsx,10,import,@react-native-async-storage/async-storage/jest/async-storage-mock
src/test-utils/jest.setup.tsx,24,import,react
src/test-utils/jest.setup.tsx,25,import,react-native
src/test-utils/jest.setup.tsx,3,import,@testing-library/jest-native/extend-expect
src/test-utils/jest.setup.tsx,6,import,react-native-gesture-handler/jestSetup
src/test-utils/render/providers.tsx,1,import,react
src/test-utils/render/providers.tsx,2,import,@shared-types/form
src/test-utils/render/providers.tsx,3,import,../../app/context/ThemeContext
src/test-utils/render/providers.tsx,5,import,../../app/context/FormContext
src/test-utils/render/providers.tsx,6,import,../factories/stateFactory
src/test-utils/render/renderers.tsx,10,import,@testing-library/react-native
src/test-utils/render/renderers.tsx,11,import,@shared-types/form
src/test-utils/render/renderers.tsx,12,import,./providers
src/test-utils/render/renderers.tsx,2,import,react
src/ui/components/FieldRenderer.tsx,1,import,react
src/ui/components/FieldRenderer.tsx,2,import,@shared-types/form
src/ui/components/FieldRenderer.tsx,3,import,./fields/FormField
src/ui/components/fields/ChipButton.tsx,1,import,react
src/ui/components/fields/ChipButton.tsx,2,import,react-native
src/ui/components/fields/ChipButton.tsx,3,import,@ui/styles/useAppStyles
src/ui/components/fields/ConditionalField.tsx,1,import,react
src/ui/components/fields/ConditionalField.tsx,2,import,react-native
src/ui/components/fields/ConditionalField.tsx,3,import,../../../shared-types/form
src/ui/components/fields/ConditionalField.tsx,4,import,./FormField
src/ui/components/fields/DateField.tsx,1,import,react
src/ui/components/fields/DateField.tsx,2,import,react-native
src/ui/components/fields/DateField.tsx,3,import,@react-native-community/datetimepicker
src/ui/components/fields/DateField.tsx,4,import,@ui/styles/useAppStyles
src/ui/components/fields/DateField.tsx,5,import,@utils/date
src/ui/components/fields/FormField.tsx,1,import,react
src/ui/components/fields/FormField.tsx,2,import,react-native
src/ui/components/fields/FormField.tsx,3,import,../../../shared-types/form
src/ui/components/fields/FormField.tsx,4,import,./index
src/ui/components/fields/index.ts,10,import,./MoneyField
src/ui/components/fields/index.ts,11,import,./MoneyInput
src/ui/components/fields/index.ts,12,import,./ToggleSwitch
src/ui/components/fields/index.ts,3,import,./FormField
src/ui/components/fields/index.ts,4,import,./ConditionalField
src/ui/components/fields/index.ts,7,import,./ChipButton
src/ui/components/fields/index.ts,8,import,./DateField
src/ui/components/fields/index.ts,9,import,./InputCounter
src/ui/components/fields/InputCounter.tsx,2,import,react
src/ui/components/fields/InputCounter.tsx,3,import,react-native
src/ui/components/fields/MoneyField.tsx,1,import,react
src/ui/components/fields/MoneyField.tsx,2,import,react-native
src/ui/components/fields/MoneyInput.tsx,1,import,react
src/ui/components/fields/MoneyInput.tsx,2,import,react-native
src/ui/components/fields/MoneyInput.tsx,3,import,@ui/styles/useAppStyles
src/ui/components/fields/MoneyInput.tsx,4,import,@utils/numbers
src/ui/components/fields/ToggleSwitch.tsx,1,import,react
src/ui/components/fields/ToggleSwitch.tsx,2,import,react-native
src/ui/components/fields/ToggleSwitch.tsx,3,import,@ui/styles/useAppStyles
src/ui/components/FinancialSummary.tsx,1,import,react
src/ui/components/FinancialSummary.tsx,2,import,react-native
src/ui/components/FinancialSummary.tsx,3,import,@ui/styles/useAppStyles
src/ui/components/FinancialSummary.tsx,4,import,@utils/numbers
src/ui/components/__tests__/InputCounter.test.tsx,3,import,@test-utils/index
src/ui/components/__tests__/InputCounter.test.tsx,4,import,@fields/InputCounter
src/ui/navigation/MainNavigator.tsx,1,import,react
src/ui/navigation/MainNavigator.tsx,2,import,react-native
src/ui/navigation/MainNavigator.tsx,3,import,../styles/useAppStyles
src/ui/screens/CSV/CsvUploadScreen.tsx,10,import,react-native
src/ui/screens/CSV/CsvUploadScreen.tsx,11,import,react-native-safe-area-context
src/ui/screens/CSV/CsvUploadScreen.tsx,12,import,@services/dataOrchestrator
src/ui/screens/CSV/CsvUploadScreen.tsx,13,import,@services/transactionService
src/ui/screens/CSV/CsvUploadScreen.tsx,14,import,@utils/date
src/ui/screens/CSV/CsvUploadScreen.tsx,15,import,@ui/styles/useAppStyles
src/ui/screens/CSV/CsvUploadScreen.tsx,16,import,@domain/constants/datakeys
src/ui/screens/CSV/CsvUploadScreen.tsx,1,import,react
src/ui/screens/DailyInput/DailyInputScreen.tsx,1,import,react
src/ui/screens/DailyInput/DailyInputScreen.tsx,2,import,react-native
src/ui/screens/DailyInput/DailyInputScreen.tsx,3,import,../../components/fields/MoneyField
src/ui/screens/DailyInput/DailyInputScreen.tsx,4,import,../../styles/useAppStyles
src/ui/screens/Daily/UndoScreen.tsx,1,import,react
src/ui/screens/Daily/UndoScreen.tsx,2,import,react-native
src/ui/screens/Daily/UndoScreen.tsx,3,import,@services/transactionService
src/ui/screens/Dashboard/DashboardScreen.tsx,1,import,react
src/ui/screens/Dashboard/DashboardScreen.tsx,2,import,react
src/ui/screens/Dashboard/DashboardScreen.tsx,3,import,react-native
src/ui/screens/Dashboard/DashboardScreen.tsx,4,import,../../styles/useAppStyles
src/ui/screens/Dashboard/DashboardScreen.tsx,5,import,../../../app/context/FormContext
src/ui/screens/Dashboard/DashboardScreen.tsx,6,import,../../../selectors/financialSelectors
src/ui/screens/Dashboard/DashboardScreen.tsx,7,import,../../components/FinancialSummary
src/ui/screens/Options/OptionsScreen.tsx,3,import,react
src/ui/screens/Options/OptionsScreen.tsx,4,import,react-native
src/ui/screens/Options/OptionsScreen.tsx,5,import,react-native-safe-area-context
src/ui/screens/Options/OptionsScreen.tsx,6,import,@ui/styles/useAppStyles
src/ui/screens/Reset/ResetScreen.tsx,2,import,react
src/ui/screens/Reset/ResetScreen.tsx,3,import,react-native
src/ui/screens/Reset/ResetScreen.tsx,4,import,react-native-safe-area-context
src/ui/screens/Reset/ResetScreen.tsx,5,import,@ui/styles/useAppStyles
src/ui/screens/Settings/SettingsScreen.tsx,2,import,react
src/ui/screens/Settings/SettingsScreen.tsx,3,import,react-native
src/ui/screens/Settings/SettingsScreen.tsx,4,import,react-native-safe-area-context
src/ui/screens/Settings/SettingsScreen.tsx,5,import,@ui/styles/useAppStyles
src/ui/screens/Settings/SettingsScreen.tsx,6,import,@app/context/ThemeContext
src/ui/screens/Wizard/CriticalErrorScreen.tsx,1,import,react
src/ui/screens/Wizard/CriticalErrorScreen.tsx,2,import,react-native
src/ui/screens/Wizard/CriticalErrorScreen.tsx,3,import,@ui/styles/useAppStyles
src/ui/screens/Wizard/LandingScreen.tsx,2,import,react
src/ui/screens/Wizard/LandingScreen.tsx,3,import,react-native
src/ui/screens/Wizard/LandingScreen.tsx,4,import,react-native-safe-area-context
src/ui/screens/Wizard/LandingScreen.tsx,5,import,../../styles/useAppStyles
src/ui/screens/Wizard/LandingScreen.tsx,6,import,../../../app/context/FormContext
src/ui/screens/Wizard/pages/1setupHousehold.config.ts,2,import,@shared-types/form
src/ui/screens/Wizard/pages/1setupHousehold.config.ts,3,import,@domain/constants/datakeys
src/ui/screens/Wizard/pages/1setupHousehold.config.ts,4,import,@domain/constants/registry
src/ui/screens/Wizard/pages/2detailsHousehold.config.ts,1,import,@domain/constants/datakeys
src/ui/screens/Wizard/pages/2detailsHousehold.config.ts,2,import,@domain/constants/registry
src/ui/screens/Wizard/pages/2detailsHousehold.config.ts,3,import,@shared-types/form
src/ui/screens/Wizard/pages/2detailsHousehold.config.ts,4,import,@shared-types/wizard
src/ui/screens/Wizard/pages/3incomeDetails.config.ts,1,import,@shared-types/form
src/ui/screens/Wizard/pages/3incomeDetails.config.ts,2,import,@shared-types/wizard
src/ui/screens/Wizard/pages/3incomeDetails.config.ts,3,import,@domain/constants/datakeys
src/ui/screens/Wizard/pages/3incomeDetails.config.ts,4,import,@domain/constants/registry
src/ui/screens/Wizard/pages/4fixedExpenses.config.ts,1,import,@shared-types/form
src/ui/screens/Wizard/pages/4fixedExpenses.config.ts,2,import,@shared-types/wizard
src/ui/screens/Wizard/pages/4fixedExpenses.config.ts,3,import,@domain/constants/datakeys
src/ui/screens/Wizard/pages/4fixedExpenses.config.ts,4,import,@domain/constants/registry
src/ui/screens/Wizard/SplashScreen.tsx,1,import,react
src/ui/screens/Wizard/SplashScreen.tsx,2,import,react-native
src/ui/screens/Wizard/SplashScreen.tsx,3,import,@ui/styles/useAppStyles
src/ui/screens/Wizard/__tests__/WizardController.test.tsx,1,import,react
src/ui/screens/Wizard/__tests__/WizardController.test.tsx,2,import,@test-utils/index
src/ui/screens/Wizard/__tests__/WizardController.test.tsx,3,import,../WizardController
src/ui/screens/Wizard/WelcomeWizard.tsx,1,import,react
src/ui/screens/Wizard/WelcomeWizard.tsx,2,import,react-native
src/ui/screens/Wizard/WelcomeWizard.tsx,3,import,@ui/styles/useAppStyles
src/ui/screens/Wizard/WizardController.tsx,1,import,react
src/ui/screens/Wizard/WizardController.tsx,2,import,../../../app/context/FormContext
src/ui/screens/Wizard/WizardController.tsx,3,import,./WizardPage
src/ui/screens/Wizard/WizardController.tsx,5,import,./pages/1setupHousehold.config
src/ui/screens/Wizard/WizardController.tsx,6,import,./pages/2detailsHousehold.config
src/ui/screens/Wizard/WizardController.tsx,7,import,./pages/3incomeDetails.config
src/ui/screens/Wizard/WizardController.tsx,8,import,./pages/4fixedExpenses.config
src/ui/screens/Wizard/WizardPage.tsx,1,import,react
src/ui/screens/Wizard/WizardPage.tsx,2,import,react-native
src/ui/screens/Wizard/WizardPage.tsx,3,import,@app/context/FormContext
src/ui/screens/Wizard/WizardPage.tsx,4,import,@components/fields/FormField
src/ui/screens/Wizard/WizardPage.tsx,5,import,@shared-types/form
src/ui/styles/modules/Alerts.ts,3,import,../Tokens
src/ui/styles/modules/Alerts.ts,4,import,../Colors
src/ui/styles/modules/Buttons.ts,3,import,react-native
src/ui/styles/modules/Buttons.ts,4,import,@styles/Tokens
src/ui/styles/modules/Buttons.ts,5,import,@styles/Colors
src/ui/styles/modules/Cards.ts,3,import,react-native
src/ui/styles/modules/Cards.ts,4,import,@styles/Tokens
src/ui/styles/modules/Cards.ts,5,import,@styles/Colors
src/ui/styles/modules/Checkboxes.ts,3,import,../Tokens
src/ui/styles/modules/Checkboxes.ts,4,import,../Colors
src/ui/styles/modules/Chips.ts,3,import,@styles/Tokens
src/ui/styles/modules/Chips.ts,4,import,@styles/Colors
src/ui/styles/modules/Dashboard.ts,3,import,react-native
src/ui/styles/modules/Dashboard.ts,4,import,@styles/Tokens
src/ui/styles/modules/Dashboard.ts,5,import,@styles/Colors
src/ui/styles/modules/Forms.ts,3,import,react-native
src/ui/styles/modules/Forms.ts,4,import,@styles/Tokens
src/ui/styles/modules/Forms.ts,5,import,@styles/Colors
src/ui/styles/modules/Header.ts,3,import,react-native
src/ui/styles/modules/Header.ts,4,import,@styles/Tokens
src/ui/styles/modules/Header.ts,5,import,@styles/Colors
src/ui/styles/modules/Helpers.ts,3,import,../Tokens
src/ui/styles/modules/Helpers.ts,4,import,../Colors
src/ui/styles/modules/index.ts,10,import,./Typography
src/ui/styles/modules/index.ts,11,import,./Alerts
src/ui/styles/modules/index.ts,12,import,./Toggles
src/ui/styles/modules/index.ts,13,import,./Checkboxes
src/ui/styles/modules/index.ts,14,import,./Helpers
src/ui/styles/modules/index.ts,2,import,./Layout
src/ui/styles/modules/index.ts,3,import,./Header
src/ui/styles/modules/index.ts,4,import,./Forms
src/ui/styles/modules/index.ts,5,import,./Buttons
src/ui/styles/modules/index.ts,6,import,./Cards
src/ui/styles/modules/index.ts,7,import,./Chips
src/ui/styles/modules/index.ts,8,import,./Dashboard
src/ui/styles/modules/index.ts,9,import,./Summary
src/ui/styles/modules/Layout.ts,3,import,@styles/Tokens
src/ui/styles/modules/Layout.ts,4,import,@styles/Colors
src/ui/styles/modules/Summary.ts,3,import,@styles/Tokens
src/ui/styles/modules/Summary.ts,4,import,@styles/Colors
src/ui/styles/modules/Toggles.ts,3,import,../Tokens
src/ui/styles/modules/Toggles.ts,4,import,../Colors
src/ui/styles/modules/Typography.ts,2,import,../Tokens
src/ui/styles/modules/Typography.ts,3,import,../Colors
src/ui/styles/__tests__/useAppStyles.test.ts,2,import,../useAppStyles
src/ui/styles/__tests__/useAppStyles.test.ts,3,import,../Colors
src/ui/styles/useAppStyles.ts,21,import,@styles/modules
src/ui/styles/useAppStyles.ts,3,import,react-native
src/ui/styles/useAppStyles.ts,4,import,@app/context/ThemeContext
src/ui/styles/useAppStyles.ts,5,import,@styles/Colors
src/ui/styles/useAppStyles.ts,6,import,@styles/Tokens
src/utils/conditions.ts,1,import,@shared-types/form
src/utils/numbers.ts,2,import,./strings
src/utils/__tests__/date.test.ts,2,import,../date
src/utils/__tests__/frequency.test.ts,3,import,../frequency
src/utils/__tests__/numbers.test.ts,1,import,@utils/numbers
src/utils/__tests__/ping.test.ts,3,import,@utils/ping
src/utils/validation.ts,1,import,../shared-types/form
src/utils/validation.ts,2,import,@utils/numbers
src/utils/validation.ts,3,import,@utils/date
